row_id,first_stage_score,second_stage_score
1,0.036426,0.049118
2,0.045122,0.056503
3,0.039735,0.031441
4,0.043156,0.036448
5,0.038972,0.031596
6,0.033106,0.022601
7,0.041731,0.059924
8,0.038533,0.016651
9,0.037719,0.026109
10,0.041257,0.023219
